date,yard_code,yard_name,commodity,variety,min_price,max_price,modal_price,latitude,longitude
08-06-26,1327,Badepally,Castor,Common,6181,6181,6181,16.55,78.07
08-21-26,1327,Badepally,Cowpea,Common,5100,5100,5100,16.55,78.07
08-21-26,1327,Badepally,Green Gram,Common,6410,6410,7589,16.55,78.07
08-13-26,1327,Badepally,Groundnut pods,Common,4504,4504,4504,16.55,78.07
08-20-26,1327,Badepally,Maize,Common,2535,2535,2535,16.55,78.07
08-11-26,1327,Badepally,Paddy,Grade-A (RNR),2828,2828,2828,16.55,78.07
08-08-26,1327,Badepally,Pungam Seed,Common,4679,4679,4679,16.55,78.07
08-08-26,1327,Badepally,Tamarind Seed,Common,2550,2550,2550,16.55,78.07
08-27-26,11,Bhainsa,Bengal Gram,Common,4900,5359,5359,19.1,77.96
08-31-26,11,Bhainsa,Gingelly,Common,11539,11752,11689,19.1,77.96
08-21-26,11,Bhainsa,Green Gram,Common,2656,2656,2656,19.1,77.96
08-11-26,11,Bhainsa,Groundnut pods,Common,6116,6116,6116,19.1,77.96
08-31-26,11,Bhainsa,Jowar,Hybrid,2269,2425,2425,19.1,77.96
08-31-26,11,Bhainsa,Maize,Hybrid New,2121,2388,2252,19.1,77.96
08-31-26,11,Bhainsa,Red Gram,Common,7759,7952,7952,19.1,77.96
08-31-26,11,Bhainsa,Soyabean,Yellow,5852,6039,6039,19.1,77.96
08-19-26,11,Bhainsa,Tumeric,Finger,8143,8143,8143,19.1,77.96
08-31-26,11,Bhainsa,Wheat,Hybir,2539,2539,2539,19.1,77.96
08-24-26,12,Boath,Maize,Common,2410,2410,2410,19.44,78.45
08-31-26,12,Boath,Wheat,Common,2600,2600,2600,19.44,78.45
08-31-26,3,Bowenpally,Amla,Common,3000,6000,5000,17.48,78.46
08-31-26,3,Bowenpally,Beet Root,Common,1000,3000,2500,17.48,78.46
08-31-26,3,Bowenpally,Bitter Gourd,Common,700,2000,1500,17.48,78.46
08-31-26,3,Bowenpally,Bottle Gourd,Common,200,600,500,17.48,78.46
08-31-26,3,Bowenpally,Brinjal,Kalyani,500,2000,1500,17.48,78.46
08-31-26,3,Bowenpally,Cabbage,Common,600,1200,1000,17.48,78.46
08-31-26,3,Bowenpally,Capsicum,Common,1000,2800,2200,17.48,78.46
08-31-26,3,Bowenpally,Carrot,Common,1000,4500,3000,17.48,78.46
08-31-26,3,Bowenpally,Cauliflower,Common,500,2000,1500,17.48,78.46
08-31-26,3,Bowenpally,ChowChow,Common,1000,1500,1300,17.48,78.46
08-31-26,3,Bowenpally,Cluster Beans,Common,1000,2000,1800,17.48,78.46
08-31-26,3,Bowenpally,ColaCasio(Arvi),Common,1500,2300,2000,17.48,78.46
08-31-26,3,Bowenpally,Cucumber,Common,400,1200,1000,17.48,78.46
08-31-26,3,Bowenpally,Culinery Banana,Common,300,700,600,17.48,78.46
08-31-26,3,Bowenpally,Donda,Common,500,1500,1200,17.48,78.46
08-31-26,3,Bowenpally,Drumstick,Common,1000,4000,3000,17.48,78.46
08-31-26,3,Bowenpally,Field Beans,Common,1000,3000,2500,17.48,78.46
08-31-26,3,Bowenpally,French Beans,Common,2000,5000,4000,17.48,78.46
08-31-26,3,Bowenpally,Green Chillies,Common,1000,2500,2000,17.48,78.46
08-31-26,3,Bowenpally,Green Chillies (Bold),common,1500,4000,3000,17.48,78.46
08-31-26,3,Bowenpally,Green Mangos,Common,1000,2600,2200,17.48,78.46
08-31-26,3,Bowenpally,Green Onion,Common,1000,2000,1800,17.48,78.46
08-31-26,3,Bowenpally,Green Peas,Common,4000,8000,7000,17.48,78.46
08-31-26,3,Bowenpally,Green Tamarind,Common,3000,6000,5000,17.48,78.46
08-31-26,3,Bowenpally,Kheera,Common,1000,3000,2500,17.48,78.46
08-31-26,3,Bowenpally,Ladys Finger,Common,500,1200,1000,17.48,78.46
08-31-26,3,Bowenpally,Lobha,Common,800,1500,1200,17.48,78.46
08-31-26,3,Bowenpally,Onions,Common,1000,2000,1800,17.48,78.46
08-31-26,3,Bowenpally,Potato,Common,800,1400,1200,17.48,78.46
08-31-26,3,Bowenpally,Pumpkin,Common,500,1000,800,17.48,78.46
08-31-26,3,Bowenpally,Radish,Common,300,500,450,17.48,78.46
08-31-26,3,Bowenpally,Ribbed Gourd,Common,700,1300,1000,17.48,78.46
08-31-26,3,Bowenpally,Snake Gourd,Common,500,2000,1500,17.48,78.46
08-31-26,3,Bowenpally,Sweet Corn,Local,500,1800,1400,17.48,78.46
08-31-26,3,Bowenpally,Sweet Potato,Common,1000,3000,2500,17.48,78.46
08-31-26,3,Bowenpally,Teisel Gourd(Boda Kakarakaya),Local,1500,3000,2500,17.48,78.46
08-31-26,3,Bowenpally,Tomato,Hybrid,400,2000,1400,17.48,78.46
08-31-26,3,Bowenpally,Yam,Common,1000,2000,1800,17.48,78.46
08-31-26,1123,Choppadandi,Green Gram,Common,5555,7387,6826,18.54,79.17
08-31-26,1123,Choppadandi,Maize,Common,1501,2311,2311,18.54,79.17
08-31-26,1123,Choppadandi,Paddy,Grade-A(IR64),2206,2212,2206,18.54,79.17
08-20-26,1123,Choppadandi,Red Gram,Hybrid,5252,5252,5252,18.54,79.17
08-19-26,1352,Devarakadra,Onions,Common,2410,4000,3205,16.12,77.58
08-31-26,1215,Dubbak,Paddy,Grade-A(IR64),2400,2400,2400,17.87,78.12
08-31-26,1,Gaddiannaram,Apple,Common,4000,30000,15000,17.35,78.54
08-31-26,2,L.B Nagar,Arati-Green Plantain,Common,2000,3000,2500,17.35,78.55
08-31-26,1,Gaddiannaram,Banana,Common,2000,2250,2000,17.35,78.54
08-31-26,2,L.B Nagar,Beet Root,Common,2000,3000,2500,17.35,78.55
08-29-26,1,Gaddiannaram,Ber,Common,1600,1600,1600,17.35,78.54
08-31-26,2,L.B Nagar,Bitter Gourd,Common,1500,2500,2000,17.35,78.55
08-31-26,2,L.B Nagar,Bottle Gourd,Common,400,800,600,17.35,78.55
08-31-26,2,L.B Nagar,Brinjal,Common,1000,1500,1200,17.35,78.55
08-31-26,2,L.B Nagar,Cabbage,Common,800,1200,1000,17.35,78.55
08-31-26,2,L.B Nagar,Capsicum,Common,2500,3500,3000,17.35,78.55
08-31-26,2,L.B Nagar,Carrot,Common,3000,5000,4000,17.35,78.55
08-31-26,2,L.B Nagar,Cauliflower,Common,1500,2500,2000,17.35,78.55
08-31-26,2,L.B Nagar,Cluster Beans,Common,1500,2500,2000,17.35,78.55
08-31-26,2,L.B Nagar,ColaCasio(Arvi),Common,2000,3000,2500,17.35,78.55
08-31-26,2,L.B Nagar,Cucumber,Common,800,1200,1000,17.35,78.55
08-31-26,1,Gaddiannaram,Custard apple,Common,2500,6250,3100,17.35,78.54
08-31-26,2,L.B Nagar,Donda,Common,1000,2000,1500,17.35,78.55
08-31-26,2,L.B Nagar,Drumstick,Common,2000,2500,2200,17.35,78.55
08-31-26,2,L.B Nagar,Field Beans,Common,3000,4000,3500,17.35,78.55
08-31-26,2,L.B Nagar,French Beans,Common,4000,6000,5000,17.35,78.55
08-31-26,1,Gaddiannaram,Grapes,Common,16000,26000,20000,17.35,78.54
08-31-26,2,L.B Nagar,Green Chillies,Common,2000,3000,2500,17.35,78.55
08-31-26,1,Gaddiannaram,Guava,Common,2000,8000,3300,17.35,78.54
08-22-26,1,Gaddiannaram,Jack fruit,Common,800,4000,1600,17.35,78.54
08-31-26,2,L.B Nagar,Ladys Finger,Common,1000,1500,1200,17.35,78.55
08-29-26,1,Gaddiannaram,Mango,Rasalu,2000,6000,3000,17.35,78.54
08-31-26,1,Gaddiannaram,Mosambi,Common,1000,3100,1700,17.35,78.54
08-31-26,1,Gaddiannaram,Musk Melon,Common,400,1200,600,17.35,78.54
08-31-26,1,Gaddiannaram,Nashpati(Pear),Common,2650,6650,4000,17.35,78.54
08-31-26,1,Gaddiannaram,Orange,Common,8000,20000,12000,17.35,78.54
08-31-26,1,Gaddiannaram,Papaya,Common,2000,5800,2100,17.35,78.54
08-31-26,1,Gaddiannaram,Pine apple,Common,480,4480,640,17.35,78.54
08-31-26,1,Gaddiannaram,Plum(Aloobukara),Common,6250,8750,7500,17.35,78.54
08-31-26,1,Gaddiannaram,Pomegrenates,Common,1000,12000,3000,17.35,78.54
08-31-26,2,L.B Nagar,Potato,Common,1000,1500,1200,17.35,78.55
08-31-26,2,L.B Nagar,Pumpkin,Common,1000,1500,1200,17.35,78.55
08-31-26,2,L.B Nagar,Ribbed Gourd,Common,2000,3000,2500,17.35,78.55
08-25-26,1,Gaddiannaram,Sapota,Common,2000,2000,2000,17.35,78.54
08-26-26,2,L.B Nagar,Snake Gourd,Common,1500,1500,1500,17.35,78.55
08-18-26,2,L.B Nagar,Sweet Potato,Common,2000,2500,2200,17.35,78.55
08-31-26,2,L.B Nagar,Tomato,Common,800,1600,1200,17.35,78.55
08-31-26,1,Gaddiannaram,Water Melon,Common,200,500,400,17.35,78.54
08-29-26,1328,Gadwal,Castor,Common,6079,6079,6079,16.23,77.8
08-31-26,1328,Gadwal,Groundnut pods,Common,5369,7709,6769,16.23,77.8
08-08-26,1328,Gadwal,Paddy,Grade-A (Sonamasuri),3219,3219,3219,16.23,77.8
08-31-26,1571,Gudumalkapur,Arati-Green Plantain,Common,1000,2500,1500,17.39,78.45
08-31-26,1571,Gudumalkapur,Beet Root,Common,1600,2000,1800,17.39,78.45
08-31-26,1571,Gudumalkapur,Bitter Gourd,Common,1500,2500,2000,17.39,78.45
08-31-26,1571,Gudumalkapur,Bottle Gourd,Common,1500,2500,2000,17.39,78.45
08-31-26,1571,Gudumalkapur,Brinjal,Round,600,1200,900,17.39,78.45
08-31-26,1571,Gudumalkapur,Cabbage,Common,800,1000,900,17.39,78.45
08-31-26,1571,Gudumalkapur,Capsicum,Common,1000,2500,1500,17.39,78.45
08-31-26,1571,Gudumalkapur,Carrot,Common,1800,3500,2400,17.39,78.45
08-31-26,1571,Gudumalkapur,Cauliflower,Common,1000,3000,2000,17.39,78.45
08-31-26,1571,Gudumalkapur,ChowChow,Common,2000,2000,2000,17.39,78.45
08-31-26,1571,Gudumalkapur,Cluster Beans,Common,2000,2500,2200,17.39,78.45
08-31-26,1571,Gudumalkapur,ColaCasio(Arvi),Common,2000,2500,2200,17.39,78.45
08-31-26,1571,Gudumalkapur,Cucumber,Common,800,1000,900,17.39,78.45
08-31-26,1571,Gudumalkapur,Donda,Common,1000,1800,1400,17.39,78.45
08-31-26,1571,Gudumalkapur,Drumstick,Common,2000,3500,2500,17.39,78.45
08-31-26,1571,Gudumalkapur,Field Beans,Common,1500,3500,2000,17.39,78.45
08-31-26,1571,Gudumalkapur,French Beans,Common,1500,3500,2000,17.39,78.45
08-06-26,1571,Gudumalkapur,Gajar,Common,2000,2000,2000,17.39,78.45
08-31-26,1571,Gudumalkapur,Green Chillies,Common,1800,3000,2400,17.39,78.45
08-31-26,1571,Gudumalkapur,Green Mangos,Common,2000,3000,2500,17.39,78.45
08-31-26,1571,Gudumalkapur,Green Onion,Common,2000,2000,2000,17.39,78.45
08-16-26,1571,Gudumalkapur,Green Peas,Common,7000,9000,8000,17.39,78.45
08-29-26,1571,Gudumalkapur,Green Tamarind,Common,3000,5000,4000,17.39,78.45
08-31-26,1571,Gudumalkapur,Kheera,Common,1400,2000,1600,17.39,78.45
08-31-26,1571,Gudumalkapur,Ladys Finger,Common,1200,1800,1400,17.39,78.45
08-31-26,1571,Gudumalkapur,Lobha,Common,1000,1500,1200,17.39,78.45
08-31-26,1571,Gudumalkapur,Onions,Common,1000,4500,1200,17.39,78.45
08-31-26,1571,Gudumalkapur,Potato,Common,1300,1900,1500,17.39,78.45
08-31-26,1571,Gudumalkapur,Pumpkin,Common,800,1000,900,17.39,78.45
08-31-26,1571,Gudumalkapur,Radish,Common,1000,1500,1200,17.39,78.45
08-31-26,1571,Gudumalkapur,Ribbed Gourd,Common,1000,2000,1500,17.39,78.45
08-16-26,1571,Gudumalkapur,Salgam,Common,2000,2000,2000,17.39,78.45
08-31-26,1571,Gudumalkapur,Snake Gourd,Common,1600,2000,1800,17.39,78.45
08-31-26,1571,Gudumalkapur,Sweet Potato,Common,2000,2500,2200,17.39,78.45
08-31-26,1571,Gudumalkapur,Tomato,Common,1000,2000,1200,17.39,78.45
08-31-26,1571,Gudumalkapur,Yam,Common,1500,2500,2000,17.39,78.45
08-31-26,6,Madannapeta,Beet Root,Common,2300,2500,2400,17.37,78.48
08-31-26,6,Madannapeta,Bitter Gourd,Common,2500,3000,2750,17.37,78.48
08-31-26,6,Madannapeta,Bottle Gourd,Common,200,400,300,17.37,78.48
08-31-26,7,Meeralamandi,Bottle Gourd,Common,300,500,400,17.4,78.44
08-31-26,7,Meeralamandi,Brinjal,Common,1500,2000,1750,17.4,78.44
08-31-26,6,Madannapeta,Brinjal,Common,1350,1350,1350,17.37,78.48
08-31-26,7,Meeralamandi,Cabbage,Common,1500,1500,1500,17.4,78.44
08-31-26,6,Madannapeta,Cabbage,Common,1200,1200,1200,17.37,78.48
08-30-26,6,Madannapeta,Capsicum,Common,2500,2500,2500,17.37,78.48
08-31-26,7,Meeralamandi,Carrot,Common,3000,3500,3250,17.4,78.44
08-31-26,6,Madannapeta,Carrot,Common,3000,3500,3250,17.37,78.48
08-31-26,7,Meeralamandi,Cauliflower,Common,3000,3000,3000,17.4,78.44
08-30-26,6,Madannapeta,Cauliflower,Common,2000,3000,2500,17.37,78.48
08-31-26,5,Mahabubmansion,Chillies(Dry),Talu,8000,13000,11000,17.38,78.47
08-31-26,6,Madannapeta,Cluster Beans,Common,2500,3000,2750,17.37,78.48
08-30-26,6,Madannapeta,ColaCasio(Arvi),Common,2000,2000,2000,17.37,78.48
08-31-26,6,Madannapeta,Cucumber,Common,1500,1500,1500,17.37,78.48
08-31-26,6,Madannapeta,Donda,Common,2000,2500,2250,17.37,78.48
08-31-26,7,Meeralamandi,Donda,Common,2500,3000,2750,17.4,78.44
08-31-26,6,Madannapeta,Field Beans,Common,3000,3000,3000,17.37,78.48
08-31-26,6,Madannapeta,French Beans,Common,7000,7000,7000,17.37,78.48
08-31-26,5,Mahabubmansion,Garlic,Common,6000,18000,11000,17.38,78.47
08-31-26,5,Mahabubmansion,Ginger,Common,4500,8000,7000,17.38,78.47
08-31-26,7,Meeralamandi,Green Chillies,Common,3000,3500,3250,17.4,78.44
08-31-26,6,Madannapeta,Green Chillies,Common,3000,3000,3000,17.37,78.48
08-31-26,7,Meeralamandi,Kheera,Common,1800,2000,1900,17.4,78.44
08-31-26,6,Madannapeta,Kheera,Common,2000,2000,2000,17.37,78.48
08-31-26,7,Meeralamandi,Ladys Finger,Common,2000,2500,2250,17.4,78.44
08-31-26,6,Madannapeta,Ladys Finger,Common,1000,2000,1500,17.37,78.48
08-31-26,7,Meeralamandi,Lemon,Common,1200,8800,5000,17.4,78.44
08-31-26,5,Mahabubmansion,Onions,No.I,3000,4300,3600,17.38,78.47
08-29-26,7,Meeralamandi,Potato,Common,1200,1200,1200,17.4,78.44
08-31-26,6,Madannapeta,Potato,Common,1200,1200,1200,17.37,78.48
08-31-26,5,Mahabubmansion,Potato,Common,1900,1900,1900,17.38,78.47
08-31-26,7,Meeralamandi,Ribbed Gourd,Common,3500,3500,3500,17.4,78.44
08-31-26,6,Madannapeta,Ribbed Gourd,Common,1500,2500,2000,17.37,78.48
08-31-26,5,Mahabubmansion,Tamarind,No.I,9500,12000,1000,17.38,78.47
08-31-26,7,Meeralamandi,Tomato,Common,2000,2400,2200,17.4,78.44
08-31-26,6,Madannapeta,Tomato,Common,1200,2000,1600,17.37,78.48
08-25-26,5,Mahabubmansion,Tumeric,Common,12000,15000,14000,17.38,78.47
08-13-26,1125,Jagtial,Green Gram,Common,7811,7811,7811,18.79,78.91
08-13-26,1125,Jagtial,Paddy,Grade-A (Jai Sri Ram),2411,2411,2411,18.79,78.91
08-12-26,26,Jainath,Mosambi,Common,1400,1500,1300,19.07,78.27
08-25-26,26,Jainath,Papaya,Common,2100,2000,2200,19.07,78.27
08-31-26,36,Jammikunta,Cotton,Common,5500,8800,8400,18.3,79.21
08-11-26,1208,Jogipet,Jowar,White,2250,2300,4550,17.72,77.83
08-31-26,1340,Kalwakurthy,Bitter Gourd,Common,1000,2000,1500,16.58,78.39
08-31-26,1340,Kalwakurthy,Brinjal,Common,500,1500,1000,16.58,78.39
08-23-26,1340,Kalwakurthy,Cabbage,Common,2000,2000,2000,16.58,78.39
08-31-26,1340,Kalwakurthy,Cluster Beans,Common,1000,1500,1250,16.58,78.39
08-31-26,1340,Kalwakurthy,Cucumber,Common,400,600,500,16.58,78.39
08-24-26,1340,Kalwakurthy,Donda,Common,2000,2000,2000,16.58,78.39
08-31-26,1340,Kalwakurthy,Green Chillies,Common,2000,3500,2750,16.58,78.39
08-31-26,1340,Kalwakurthy,Ladys Finger,Common,1000,1500,1250,16.58,78.39
08-29-26,1340,Kalwakurthy,Potato,Common,1600,1600,1600,16.58,78.39
08-31-26,1340,Kalwakurthy,Ribbed Gourd,Common,1000,2500,1750,16.58,78.39
08-31-26,1340,Kalwakurthy,Tomato,Local,400,1200,800,16.58,78.39
08-19-26,1168,Kesamudram,Cotton,Common,4222,8851,8169,17.8,79.93
08-19-26,1168,Kesamudram,Green Gram,Common,6616,6616,6616,17.8,79.93
08-17-26,1168,Kesamudram,Groundnut pods,Common,4669,4669,4669,17.8,79.93
08-19-26,1168,Kesamudram,Maize,Common,2303,2404,2404,17.8,79.93
08-19-26,1168,Kesamudram,Paddy,Grade-A (RNR),2404,4455,3599,17.8,79.93
08-19-26,1168,Kesamudram,Red Gram,Common,7155,7155,7155,17.8,79.93
08-19-26,1168,Kesamudram,Tumeric,Finger,10899,15079,13856,17.8,79.93
08-21-26,1067,Khammam,Black Gram,Common,7611,7611,7611,17.25,80.15
08-31-26,1067,Khammam,Chillies(Dry),Teja,13000,16500,15000,17.25,80.15
08-31-26,1067,Khammam,Cotton,Common,6300,9250,7700,17.25,80.15
08-19-26,1067,Khammam,Cowpea,Common,6350,6350,6350,17.25,80.15
08-31-26,1067,Khammam,Green Gram,Common,4000,6550,6450,17.25,80.15
08-25-26,1067,Khammam,Maize,Common,1750,1900,1900,17.25,80.15
08-21-26,1067,Khammam,Red Gram,Common,7551,7551,7551,17.25,80.15
08-25-26,1177,Mahabubabad,Black Gram,Common,3350,3350,3350,17.6,80
08-31-26,1177,Mahabubabad,Cotton,Common,5252,8618,8618,17.6,80
08-25-26,1177,Mahabubabad,Green Gram,Common,5400,5400,5400,17.6,80
08-13-26,1177,Mahabubabad,Maize,Common,2433,2433,2433,17.6,80
08-31-26,1177,Mahabubabad,Paddy,Grade-A (Jai Sri Ram),3550,4402,3550,17.6,80
08-25-26,1177,Mahabubabad,Red Gram,Common,4011,6450,6450,17.6,80
08-31-26,1326,Mahaboobnagar,Groundnut pods,Common,7229,7229,7229,16.74,77.98
08-20-26,1334,Nagarkurnool,Black Gram,Common,6430,6430,6430,16.48,78.32
08-31-26,1342,Narayanpet,Cowpea,Common,5901,7051,7051,16.73,77.5
08-31-26,1342,Narayanpet,Green Gram,Common,4009,9229,6456,16.73,77.5
08-19-26,1342,Narayanpet,Jowar,White,5350,5350,5350,16.73,77.5
08-03-26,1080,Nizamabad,Bazra,common,1955,1955,1955,18.67,78.1
08-27-26,1080,Nizamabad,Gingelly,White,12450,12450,12450,18.67,78.1
08-03-26,1080,Nizamabad,Horse Gram,Common,4450,4450,4450,18.67,78.1
08-24-26,1080,Nizamabad,Maize,Hybrid New,1465,1465,1465,18.67,78.1
08-30-26,1080,Nizamabad,Paddy,Grade-A (Jai Sri Ram),2300,2300,2300,18.67,78.1
08-24-26,1080,Nizamabad,Soyabean,White,4536,4536,4536,18.67,78.1
08-25-26,1080,Nizamabad,Tumeric,Finger,9000,19511,14600,18.67,78.1
08-20-26,1080,Nizamabad,mustard,Common,5115,5115,5115,18.67,78.1
08-31-26,1330,Shadnagar,Bitter Gourd,Common,2400,2600,2500,17.06,78.2
08-31-26,1330,Shadnagar,Brinjal,Common,1200,1600,1400,17.06,78.2
08-31-26,1330,Shadnagar,Cabbage,Common,1600,1900,1700,17.06,78.2
08-31-26,1330,Shadnagar,Carrot,Common,1800,2200,1900,17.06,78.2
08-31-26,1330,Shadnagar,Cluster Beans,Common,2500,2800,2600,17.06,78.2
08-31-26,1330,Shadnagar,Green Chillies,Common,2500,2800,2600,17.06,78.2
08-31-26,1330,Shadnagar,Ladys Finger,Common,2200,2600,2400,17.06,78.2
08-31-26,1330,Shadnagar,Ribbed Gourd,Common,2200,2600,2400,17.06,78.2
08-31-26,1330,Shadnagar,Tomato,Local,1400,1600,1500,17.06,78.2
08-29-26,1091,Suryapet,Black Gram,Common,4828,4828,4828,17.14,79.62
08-31-26,1091,Suryapet,Cowpea,Common,2226,2226,2226,17.14,79.62
08-31-26,1091,Suryapet,Green Gram,Common,3893,6799,6799,17.14,79.62
08-31-26,1091,Suryapet,Groundnut pods,Common,6859,6859,6859,17.14,79.62
08-29-26,1091,Suryapet,Horse Gram,Common,4802,4802,4802,17.14,79.62
08-31-26,1091,Suryapet,Maize,Common,1742,1742,1742,17.14,79.62
08-31-26,1091,Suryapet,Paddy,Grade-A,2661,2661,2661,17.14,79.62
08-31-26,1091,Suryapet,Red Gram,Common,6894,7943,7754,17.14,79.62
08-29-26,37,Tandur,Black Gram,Common,8501,8501,8501,17.25,77.58
08-27-26,37,Tandur,Cattle(All),Common,15000,50000,30000,17.25,77.58
08-31-26,37,Tandur,Green Gram,Common,6003,8199,7155,17.25,77.58
08-31-26,37,Tandur,Red Gram,Common,8276,8415,8289,17.25,77.58
08-27-26,9,Tirmalagiri,Black Gram,Common,6512,6512,6512,17.05,79.49
08-29-26,9,Tirmalagiri,Green Gram,Common,5661,7511,7511,17.05,79.49
08-27-26,9,Tirmalagiri,Maize,Common,2010,2010,2010,17.05,79.49
08-29-26,9,Tirmalagiri,Paddy,Grade-A(IR64),2169,2169,2169,17.05,79.49
08-29-26,9,Tirmalagiri,Red Gram,Common,7422,7422,7422,17.05,79.49
08-31-26,1612,Vantimamidi,Bitter Gourd,Common,1000,1500,1250,17.54,78.37
08-31-26,1612,Vantimamidi,Bottle Gourd,Common,500,500,500,17.54,78.37
08-31-26,1612,Vantimamidi,Brinjal,Common,1500,2000,1750,17.54,78.37
08-31-26,1612,Vantimamidi,Cabbage,Common,500,800,650,17.54,78.37
08-31-26,1612,Vantimamidi,Capsicum,Common,1000,1000,1000,17.54,78.37
08-29-26,1612,Vantimamidi,Carrot,Common,500,500,500,17.54,78.37
08-05-26,1612,Vantimamidi,Cluster Beans,Common,2000,2000,2000,17.54,78.37
08-31-26,1612,Vantimamidi,Donda,Common,800,1500,1150,17.54,78.37
08-31-26,1612,Vantimamidi,Field Beans,Common,1800,2500,2150,17.54,78.37
08-27-26,1612,Vantimamidi,Green Chillies,Common,800,1000,900,17.54,78.37
08-18-26,1612,Vantimamidi,Green Onion,Common,2500,2500,2500,17.54,78.37
08-30-26,1612,Vantimamidi,Groundnut pods,Wet,3000,3000,3000,17.54,78.37
08-31-26,1612,Vantimamidi,Kheera,Common,500,500,500,17.54,78.37
08-31-26,1612,Vantimamidi,Ladys Finger,Common,1000,1500,1250,17.54,78.37
08-31-26,1612,Vantimamidi,Lobha,Common,800,1000,900,17.54,78.37
08-30-26,1612,Vantimamidi,Potato,Common,1000,1000,1000,17.54,78.37
08-31-26,1612,Vantimamidi,Pumpkin,Common,600,600,600,17.54,78.37
08-31-26,1612,Vantimamidi,Ribbed Gourd,Common,1200,1800,1500,17.54,78.37
08-31-26,1612,Vantimamidi,Sweet Corn,Local,600,1200,900,17.54,78.37
08-30-26,1612,Vantimamidi,Teisel Gourd(Boda Kakarakaya),Local,7000,7000,7000,17.54,78.37
08-26-26,1612,Vantimamidi,Tomato,Local,800,800,800,17.54,78.37
08-29-26,1106,V Nagar,Beet Root,Common,1500,1500,1500,17.05,79.27
08-29-26,1106,V Nagar,Bitter Gourd,Common,2000,2200,2100,17.05,79.27
08-29-26,1106,V Nagar,Bottle Gourd,Common,600,1000,800,17.05,79.27
08-29-26,1106,V Nagar,Brinjal,Common,1000,1200,1000,17.05,79.27
08-29-26,1106,V Nagar,Cabbage,Common,1000,1200,1000,17.05,79.27
08-29-26,1106,V Nagar,Carrot,Common,1800,2000,1800,17.05,79.27
08-29-26,1106,V Nagar,Cluster Beans,Common,1500,1500,1500,17.05,79.27
08-29-26,1106,V Nagar,Cucumber,Common,1000,1400,1300,17.05,79.27
08-29-26,1106,V Nagar,Donda,Common,1000,1500,1200,17.05,79.27
08-23-26,1106,V Nagar,Field Beans,Common,2000,2500,2200,17.05,79.27
08-29-26,1106,V Nagar,Green Chillies,Common,2500,3000,2800,17.05,79.27
08-29-26,1106,V Nagar,Ladys Finger,Common,1000,1500,1200,17.05,79.27
08-29-26,1106,V Nagar,Potato,Common,1600,2000,1800,17.05,79.27
08-29-26,1106,V Nagar,Ribbed Gourd,Common,2000,2200,2100,17.05,79.27
08-27-26,1106,V Nagar,Snake Gourd,Common,1200,1200,1200,17.05,79.27
08-29-26,1106,V Nagar,Tomato,Local,1000,1500,1200,17.05,79.27
08-31-26,1344,W.P.Town,Groundnut pods,Common,5200,8817,7517,16.36,78.06
08-31-26,886,Warangal,Apple,Common,8000,15000,11000,18,79.59
08-31-26,886,Warangal,Banana,Common,2500,2500,2500,18,79.59
08-31-26,886,Warangal,Beet Root,Common,2500,3000,2750,18,79.59
08-27-26,886,Warangal,Bengal Gram,Common,2522,5955,5855,18,79.59
08-31-26,886,Warangal,Bitter Gourd,Common,2500,3000,2750,18,79.59
08-06-26,886,Warangal,Black Gram,Common,8390,8390,8390,18,79.59
08-31-26,886,Warangal,Brinjal,Common,1600,2000,1800,18,79.59
08-31-26,886,Warangal,Cabbage,Common,1600,2000,1800,18,79.59
08-31-26,886,Warangal,Capsicum,Common,4500,5000,4750,18,79.59
08-31-26,886,Warangal,Carrot,Common,4000,4500,4250,18,79.59
08-31-26,886,Warangal,Cauliflower,Common,2500,3000,2750,18,79.59
08-31-26,886,Warangal,Chillies(Dry),Teja,11000,20000,17000,18,79.59
08-31-26,886,Warangal,Cluster Beans,Common,2000,2500,2250,18,79.59
08-31-26,886,Warangal,ColaCasio(Arvi),Common,2000,2500,2250,18,79.59
08-31-26,886,Warangal,Cotton,Common,7000,9230,9000,18,79.59
08-25-26,886,Warangal,Cowpea,Black,6052,6052,6052,18,79.59
08-31-26,886,Warangal,Cucumber,Common,600,800,700,18,79.59
08-31-26,886,Warangal,Donda,Common,2500,3000,2750,18,79.59
08-31-26,886,Warangal,Field Beans,Common,3500,4000,3750,18,79.59
08-31-26,886,Warangal,French Beans,Common,9500,10000,9750,18,79.59
08-31-26,886,Warangal,Grapes,Black,7000,7000,7000,18,79.59
08-31-26,886,Warangal,Green Chillies,Common,2500,3000,2750,18,79.59
08-31-26,886,Warangal,Green Gram,Common,5750,6452,6252,18,79.59
08-31-26,886,Warangal,Groundnut pods,Common,3200,7980,5300,18,79.59
08-31-26,886,Warangal,Guava,Common,8000,8000,8000,18,79.59
08-31-26,886,Warangal,Kheera,Common,1600,2000,1800,18,79.59
08-31-26,886,Warangal,Ladys Finger,Common,600,800,700,18,79.59
08-31-26,886,Warangal,Maize,Common,2216,2550,2321,18,79.59
08-31-26,886,Warangal,Mosambi,Common,1000,2000,1400,18,79.59
08-26-26,886,Warangal,Musk Melon,Common,3000,3000,3000,18,79.59
08-30-26,886,Warangal,Papaya,Common,2000,2000,2000,18,79.59
08-30-26,886,Warangal,Pine apple,Common,4000,4000,4000,18,79.59
08-10-26,886,Warangal,Plum(Aloobukara),Common,10000,10000,10000,18,79.59
08-31-26,886,Warangal,Pomegrenates,Common,6000,13000,10000,18,79.59
08-31-26,886,Warangal,Potato,Common,1500,2000,1750,18,79.59
08-31-26,886,Warangal,Red Gram,Common,7602,7602,7602,18,79.59
08-31-26,886,Warangal,Ribbed Gourd,Common,2000,2500,2250,18,79.59
08-21-26,886,Warangal,Sunnhemp,Common,11875,11875,11875,18,79.59
08-31-26,886,Warangal,Tomato,Local,1500,2000,1750,18,79.59
08-31-26,886,Warangal,Tumeric,Finger,12179,15579,14500,18,79.59
08-31-26,886,Warangal,Water Melon,Common,2000,2000,2000,18,79.59
08-31-26,886,Warangal,Yam,Common,4000,4500,4250,18,79.59
08-27-26,1198,Zaheerabad,Bengal Gram,Common,6050,6053,6050,17.68,77.6
08-31-26,1198,Zaheerabad,Black Gram,Common,8366,8366,8366,17.68,77.6
08-31-26,1198,Zaheerabad,Green Gram,Common,6550,9011,7259,17.68,77.6
08-31-26,1198,Zaheerabad,Jowar,White,2353,2353,2353,17.68,77.6
08-31-26,1198,Zaheerabad,Maize,Common,2364,2364,2364,17.68,77.6
08-31-26,1198,Zaheerabad,Red Gram,White,5613,7911,5613,17.68,77.6
08-31-26,1198,Zaheerabad,Safflower,Common,5350,5350,5350,17.68,77.6
08-31-26,1198,Zaheerabad,Soyabean,White,6062,6092,6092,17.68,77.6
08-07-26,1198,Zaheerabad,Wheat,Common,2113,2436,2388,17.68,77.6
